Concept,Collective Objects,Collective Attributes
number(0.9154)),[initiatives(0.5320) concern(0.6198) touchcounts(0.7904) representations(0.9645) counterexample(0.5252) producing(0.7663) midpoint(0.7779) nonzero(0.6011) elements(0.7814) ],[different(0.2556) implement(0.8212) innovative(0.6273) konrad(0.7684) springer(0.9438) nature(0.5416) reveal(0.3488) promoted(0.1060) countries(0.8186) ]
activity(0.5887)),[microlevel(0.5293) policy”(0.7673) therefore(0.2989) understand(0.5911) knowledge(0.8733) connect(0.4828) narrating(0.8290) mathematical(0.3490) abstraction(0.6223) ],[implement(0.3303) innovative(0.8482) approaches(0.8960) konrad(0.3196) despina(0.7387) potari(0.7024) introduction(0.7772) reveal(0.1530) differ(0.9756) ]
ritualisation(0.7227)),[definition(0.8394) prominent(0.9229) privileging(0.0818) defined(0.6202) deritualisation(0.3061) number(0.6678) exerting(0.1265) performing(0.3713) involves(0.5258) ],[definitions(0.9496) proposed(0.6872) addition(0.7267) narratives(0.7511) attempt(0.8407) circumvent(0.7134) problems(0.9174) bgoals(0.8543) enough(0.8223) ]
numbers(0.8708)),[kinesthetic(0.7517) namely(0.8216) understanding(0.5787) categorized(0.3987) percentages(0.6210) symmetrical(0.4853) elements(0.9325) students(0.8333) complex(0.7691) ],[practice(0.8834) international(0.4536) freiburg(0.9501) founded(0.4885) consists(0.2014) universities(0.9062) europe(0.8531) initiatives(0.9012) characteristics(0.7579) ]
sinclair(0.4894)),[nathalie(0.7937) zazkis(0.7998) touchcounts(0.8837) restricted(0.8202) lesson(0.9082) mccloskey(0.7412) robertson(0.9613) mcclos(0.4194) ritualisation(0.9277) ],[technologies(0.9166) designing(0.7325) education(0.2203) pitfalls(0.9941) baccaglinifrank(0.6354) springer(0.5626) kathryn(0.2566) decades(0.5211) nctm’s(0.9230) ]
points(0.7651)),[calculate(0.8778) burrill(0.4570) locating(0.8589) switch(0.8333) learner’s(0.5310) proposed(0.6197) individuals’(0.6225) average(0.7255) describe(0.7886) ],[mathematics(0.5155) implement(0.6828) konrad(0.3258) despina(0.3156) potari(0.1668) introduction(0.2450) promoted(0.6294) researchers(0.5810) practices(0.7878) ]
problem(0.0491)),[solving(0.6259) fluency(0.9990) school(0.7088) resolve(0.5897) interpret(0.9617) demonstrated(0.8670) thinking(0.9279) features(0.7238) randomization(0.8002) ],[educational(0.9495) studies(0.4103) different(0.5098) innovative(0.6591) approaches(0.9302) krainer(0.8101) despina(0.3701) nature(0.7322) research(0.4898) ]
concepts(0.1794)),[advanced(0.9885) indeterminate(0.5627) meaning(0.4124) involved(0.6037) mathematical(0.9809) equivalent(0.3385) median(0.9952) theory(0.2276) rather(0.9512) ],[implies(0.7804) phenomena(0.5729) expertise(0.3264) professionals(0.9871) classroom(0.8439) started(0.9560) andwere(0.3602) identifying(0.8890) adding(0.6648) ]
symbolism(0.3375)),[problemposing(0.8255) verbal(0.8688) students(0.8513) hiebert(0.9909) written(0.7799) foundations(0.5764) understanding(0.4029) approaches(0.2194) alphanumeric(0.4012) ],[meanings(0.9190) cañadas(0.6690) molina(0.7151) aurora(0.6692) january(0.3602) springer(0.8305) learning(0.7294) difficulties(0.9503) meaning(0.4103) ]
structures(0.0443)),[support(0.5191) problems(0.3969) doesn’t(0.1277) frequencies(0.6944) statements(0.5564093589782716) various(0.7353) conceived(0.3024) efforts(0.7631) teacher(0.8288) ],[teachers’(0.4026) improvement(0.3926) instructional(0.6235) communities(0.8572) practice(0.7903) enterprise(0.9301) repertoire(0.5288) skills(0.9190) strong(0.9884) ]
students(0.6140)),[inquiry(0.6675) learning(0.3363) teachers(0.6941) participating(0.4916) mathematical(0.2896) barnhart(0.7003) meanings(0.9477) difficult(0.7094) digital(0.6133) ],[potari(0.8236) springer(0.6953) promoted(0.1766) researchers(0.6158) daytoday(0.6295) mckeeney(0.4600) nieveen(0.9476) boaler(0.6545) elusive(0.8225) ]
structure(0.8363)),[school(0.9444) building(0.1066) inverse(0.1051) mathematical(0.4259) relation(0.5623) characteristic(0.6270) individual(0.7087) assessment(0.4149) discuss(0.1047) ],[effective(0.8703) supporting(0.6957) teachers’(0.8759) practices(0.9963) powell(0.6226) sztajn(0.5617) schoollevel(0.3234) engagement(0.6327) repertoire(0.7010) ]
geogebra(0.9254)),[acodesa(0.3547) integration(0.9785) explain(0.8962) winplot(0.9542) software(0.5794) difference(0.5437) toolkit(0.7619) conjectures(0.5858) function(0.9000) ],[examination(0.8331) bridge(0.8355) concepts(0.7123) yılmaz(0.5055) online(0.6040) nature(0.5330) purpose(0.6240) ]
method(0.1225)),[respond(0.4690) mathematics(0.3412) determine(0.3657) observation(0.8988) offered(0.5370) producing(0.6077) complementary(0.9173) grouping(0.5690) sullivan(0.8361) ],[teachers(0.5748) classroom(0.7759) identifying(0.8973) noteworthy(0.6655) strickland(0.4982) adding(0.5959) identified(0.6924) sherin(0.1377) splitting(0.5478) ]
confidence(0.4094)),[combined(0.4500) immediacy(0.7120) judgments(0.7589) representing(0.3280) mathematical(0.7192) anxiety(0.8660) preserving(0.8646) interest(0.9448) mathematics(0.9252) ],[the(0.8791) interlinked(0.3512) professional(0.7513) development(0.7189) support(0.9281) improving(0.6164) classroom(0.6441) practices(0.9817) establish(0.2105) ]
students(0.9147)),[inquiry(0.7389) regard(0.8845) learning(0.5953) teaching(0.5510) teachers(0.9826) higher(0.9214) participating(0.7639) mathematical(0.6411) noticing(0.9351) ],[implement(0.6108) innovative(0.2974) despina(0.7172) introduction(0.6145) research(0.7100) researchers(0.4793) mckeeney(0.3218) boaler(0.2198) burkhardt(0.8461) ]
dynamic(0.2971)),[mathematical(0.8441) geometry(0.6268) manipulation(0.4335) properties(0.9176) representations(0.9174) volume(0.4374) generally(0.1671) combination(0.5573) essence(0.6068) ],[interlinked(0.9870) researchers(0.7404) organize(0.7195) development(0.6278) improving(0.9149) practices(0.4210) establish(0.8314) genuine(0.9686) nutley(0.5432) ]
misconceptions(0.9189)),[student(0.9926) deficitoriented(0.6916) ideasf(0.8813) reconceived(0.8595) roschelle(0.8932) problems(0.7692) relationships(0.6745) acknowledgments(0.9994) supporting(0.3480) ],[mistakenly(0.9984) current(0.4935) expands(0.5991) explores(0.7694) prospective(0.9668) function(0.7165) presented(0.7987) phrase(0.3405) context(0.8266) ]
relationship(0.6432)),[secant(0.5406) teaching(0.9354) functions(0.4465) distance(0.1586) square(0.4350) moreover(0.9541) actors(0.7542) bonotto(0.7791) education(0.9403) ],[phenomena(0.5285) expertise(0.9090) professionals(0.5368) individuals(0.5368) started(0.5293) andwere(0.7808) adding(0.9200) sherin(0.2019) attending(0.5195) ]
differential(0.4648)),[equations(0.8856) calculus(0.6757) pedagogical(0.7330) specific(0.4870) practices(0.4072) effects(0.6586) school(0.5376) directions(0.5745) students’(0.5222) ],[fuzziness(0.8679) deterministic(0.9640) inverse(0.7047) function(0.9008) zazkis(0.9081) august(0.9247) responses(0.8804) utilize(0.6609) analyzing(0.3101) ]
participants(0.7571)),[contributions(0.8716) negotiation(0.8233) mathematics(0.6939) scripts(0.5809) majority(0.9069) referred(0.5646) applying(0.7816) produce(0.6882) intuitively(0.9373) ],[report(0.9538) combination(0.7649) higher(0.9916) insights(0.4741) aspects(0.9047) backgrounds(0.3537) papers(0.33724308013916016) focusing(0.6714) category(0.9906) ]
anxiety(0.1307)),[moment(0.9253) generates(0.6927) cabral(0.7751) confirms(0.7552) achievement(0.7956) between(0.7796) increases(0.7839) deteriorate(0.5645) studies(0.6318) ],[itself(0.9499) student’s(0.5961) chance(0.6189) responsible(0.7102) considered(0.4116) essential(0.8797) bestowingdenying(0.8805) therefore(0.3681) formative(0.9819) ]
performance(0.8431)),[student(0.2284) compact(0.4312) students’(0.5265) school(0.2828) authentic(0.9104) reflects(0.7553) increasing(0.9719) participants(0.8235) “uncertain”(0.8432) ],[effective(0.4714) participating(0.8205) insights(0.8663) institutional(0.7412) teaching(0.8748) materials(0.4856) papers(0.7068) evidence(0.9381) category(0.8923) ]
children(0.6340)),[thinking(0.6331) operations(0.9382) choice(0.8969) struggle(0.4664) suggests(0.8065) additional(0.9421) strategies(0.8221) answered(0.8151) percentage(0.3512) ],[chapter(0.5255) entitled(0.6323) diagrams(0.7540) played(0.7923) resources(0.9166) constraints(0.9806) discuss(0.6402) textbooks(0.6089) focusing(0.2971) ]
mathematics(0.3918)),[different(0.9000) studies(0.3984) teaching(0.4858) sztajn(0.2411) exploring(0.9844) learning(0.7742) instruction(0.3682) teacher(0.8586) prospective(0.5232) ],[innovative(0.1754) krainer(0.2209) promoted(0.4889) differ(0.6493) daytoday(0.9202) practices(0.9921) mckeeney(0.9516) boaler(0.9715) schoenfeld(0.6808) ]
attitudes(0.9597)),[esteem(0.6035) values(0.4673) mathematics(0.3813) students’(0.7417) whitty(0.6885) teachers’(0.2486) inclusion(0.9304) skills(0.3101) mathematical(0.2870) ],[the(0.8299) organize(0.3039) professional(0.8206) courses(0.9076) teachers(0.5109) improving(0.5640) classroom(0.6294) establish(0.6182) partnerships(0.6854) ]
responses(0.9070)),[spective(0.9442) corbin(0.4291) examining(0.9100) written(0.8283) decide(0.4428) request(0.6581) nonetheless(0.2786) students’(0.9322) intuitive(0.9642) ],[grades(0.7403) instrument(0.6574) school(0.8515) derivative(0.4106) function(0.7858) complete(0.3941) indicating(0.1928) elements(0.8276) account(0.8647) ]
sample(0.9626)),[reflection(0.9504) however(0.1872) variant(0.7788) presented(0.1504) groups(0.1921) analysis(0.9223) intentional(0.7899) therefore(0.9164) secondary(0.8257) ],[jong(0.8307) fisher(0.8444) suggests(0.7779) knowledge(0.7012) content(0.2515) mathematical(0.1601) prospective(0.1854) attend(0.7105) answers(0.6628) ]
inverse(0.1465)),[direction(0.7993) choice(0.6029) function(0.9186) nonexistence(0.8598) complete(0.9344) concept(0.6904) discussion(0.6709) implication(0.6028) relations(0.8053) ],[they(0.2023) evaluate(0.3987) students’(0.7546) gradingcertification(0.6082) validity(0.7316) summative(0.8046) solution(0.9260) teachers’(0.5471) dilemmas(0.7067) ]
memory(0.1321)),[analyzing(0.9341) declarative(0.6918) working(0.8429) abilities(0.9249) emotional(0.6853) longitudinal(0.8914) achievement(0.6521) interactions(0.9616) assess(0.8175) ],[with(0.8914) greater(0.8986) strategy(0.4363) calculation(0.8701) performance(0.4459) algorithm(0.7672) contrary(0.2788) findings(0.8691) frequently(0.5887) ]
student(0.6253)),[assessments(0.4069) current(0.7329) learning(0.1862) connect(0.5089) teacher(0.5710) thinking(0.9786) frameworks(0.8152) school(0.6472) understands(0.9678) ],[icseeu(0.9759) freiburg(0.4311) consortiumwere(0.9541) consists(0.3953) bridge(0.6998) teaching(0.7747) contexts(0.7136) several(0.5064) technology(0.8857) ]
function(0.9166)),[proposed(0.9463) derivatives(0.7504820823669435) correctly(0.9591) understanding(0.7728) summative(0.9155) secondary(0.7061) priestly(0.8226) embedded(0.7023) credit(0.9501) ],[prospective(0.5916) teachers’(0.7792) interpreting(0.3853) students’(0.5952) ceneida(0.9684) fernández(0.7391) llinares(0.8965) published(0.9030) online(0.6659) ]
concept(0.8242)),[yearsold(0.9232) elements(0.7202) geometric(0.2890) acknowledge(0.5494) derivate(0.3583) rotational(0.8664) summative(0.6751) credit(0.4827) review(0.4309) ],[mathematics(0.8745) teachers’(0.8494) skills(0.2891) attending(0.5351) ceneida(0.7973) fernández(0.2896) llinares(0.7286) published(0.5163) springer(0.8044) ]
melissa(0.0807)),[],[taskexercises(0.8250) ]
arithmetic(0.5246)),[question(0.5512) average(0.8798) difficulty(0.8498) limited(0.8701) represent(0.0690) symbols(0.8011) setting(0.0923) problems(0.4709) posing(0.4932) ],[“tending(0.9069) mathematical(0.4786) springer(0.7666) nature(0.6816) focusing(0.8400) individuals’(0.5275) concerns(0.5957) choosing(0.8620) proposed(0.8392) ]
hannula(0.4673)),[heydmetzuyanim(0.8344) goldin(0.6258) affect(0.8007) skills(0.4346) previous(0.6124) sormunen(0.7946) finally(0.7153) attitude(0.9686) projects(0.5349) ],[section(0.8667) notion(0.4683) mathematical(0.4484) constructs(0.2165) highlight(0.8635) affective(0.8761) children’s(0.3600) discuss(0.4356) reasons(0.6034) ]
assessment(0.0684)),[feasibility(0.4490) approaches(0.7583) resources(0.8806) dynamic(0.8974) bdesigning(0.7213) summative(0.7538) evaluation(0.7912) addressed(0.8657) solution(0.3933) ],[implement(0.6236) innovative(0.6906) krainer(0.6168) springer(0.6022) nature(0.8622) promoted(0.8458) researchers(0.4957) differ(0.9643) nieveen(0.3256) ]
teacher(0.3061)),[educators(0.4109) principals(0.7008) courses(0.8198) effective(0.8256) curriculum(0.6174) educator(0.7605) challenging(0.6811) wozniak(0.7075) students’(0.8957) ],[educational(0.6680) different(0.9013) innovative(0.7326) despina(0.7770) potari(0.2979) springer(0.4919) nature(0.8213) research(0.7889) experience(0.9822) ]
emotions(0.4859)),[heuristics(0.9885) respect(0.4492) mathematics(0.7708) mathematical(0.7867) values(0.5041) negative(0.5306) beliefs(0.7231) person’s(0.3613) motiva(0.5167) ],[additionally(0.3382) inverse(0.5175) result(0.8565) consistency(0.8544) required(0.8551) informal(0.6419) definition(0.4337) undergraduate(0.5604) education(0.2062) ]
childrens(0.0010)),[fourthgrade(0.3667) jacobs(0.2785) solution(0.9699) studying(0.9798) ],[compartmentalization(0.9174) defined(0.5406) ]
beliefs(0.3869)),[knowledge(0.4581) personal(0.8800) teachers’(0.4404) effective(0.4886) influence(0.5473) teacher(0.5144) deficit(0.7476) inclusive(0.4467) questionnaires(0.4554) ],[educational(0.7830) studies(0.6876) different(0.8854) implement(0.8879) konrad(0.6226) krainer(0.8988) springer(0.7139) introduction(0.9640) research(0.6877) ]
summative(0.5191)),[formative(0.5361) distinction(0.2781) reliability(0.5122) assessments(0.5912) suurtamm(0.9863) criteria(0.6958) examinations(0.1872) centralized(0.6521) ],[roberto(0.5180) ribeiro(0.9663) springer(0.7300) vinner’s(0.9830) underrepresented(0.3256) ]
splitting(0.8135)),[moment(0.6089) assessment(0.6747) promotional(0.7684) certain(0.9214) symptom(0.4293) system(0.8256) confrey(0.8985) primitives(0.9340) graphically(0.6909) ],[professionals(0.9546) started(0.8895) andwere(0.2928) noteworthy(0.9313) process(0.5727) interpreting(0.8307) identified(0.2015) mathematical(0.3555) thinking(0.7466) ]
education(0.2855)),[researchers(0.9610) mathematics(0.6927) icseeu(0.8460) centre(0.4316) potential(0.2843) utilizes(0.6971) literature(0.6981) thematic(0.9048) summative(0.5183) ],[different(0.7697) teaching(0.8262) despina(0.8368) differ(0.6459) nieveen(0.6806) schoenfeld(0.9469) jackson(0.5834) persistent(0.7202) exists(0.6145) ]
journal(0.2218)),[teacher(0.7651) special(0.7107) education(0.7254) mathematical(0.5964) derivate(0.5301) mathematics(0.2174) science(0.8859) educational(0.7057) students(0.9984) ],[factor(0.9801) considered(0.8274) contextual(0.8980) factors(0.7804) development(0.5881) activities(0.9363) resources(0.9464) netherlands(0.7172) stakeholders(0.3961) ]
baldino(0.5973)),[springer(0.7347) ribeiro(0.7477) indeed(0.3764) learning(0.1625) france(0.5463) ],[credit(0.8910) summative(0.4144) roberto(0.5710) vinner’s(0.8136) ]
learning(0.7929)),[teaching(0.7162) schoollevel(0.8258) cascade(0.1851) explicit(0.3437) students(0.8255) general(0.1323) students’(0.9239) observe(0.9037) strickland(0.6622) ],[different(0.9507) konrad(0.1880) krainer(0.7409) despina(0.2618) education(0.6451) practices(0.3805) gravemeijer(0.7219) nieveen(0.2667) boaler(0.6137) ]
formative(0.4112)),[assessment(0.2095) highlights(0.4562) feedback(0.7232) integration(0.2339) participated(0.5385) instruments(0.5678) teacher(0.4429) evaluation(0.3840) onepage(0.6199) ],[credit(0.4123) moment(0.4664) cabral(0.3792) ribeiro(0.3035) baldino(0.9554) springer(0.2001) nature(0.5010) vinner’s(0.9582) concept(0.4517) ]
moment(0.2732)),[andmanzone(0.7894) splitting(0.6065) experience(0.0990) beings(0.8208) continue(0.4868) generally(0.7552) procedure(0.8853) excluded(0.9848) mainstream(0.2529) ],[discern(0.6110) representations(0.1520) constrained(0.4364) remain(0.5415) manipulate(0.6922) changes(0.4742) feedback(0.9618) supports(0.3016) venturini(0.5929) ]
competence(0.6717)),[mathematical(0.7971) teachers’(0.5950) change(0.7383) different(0.5383) algebra(0.8810) students(0.9230) algebraic(0.6829) rejecting(0.5126) arithmetic(0.8713) ],[krainer(0.9963) chapman(0.3226) zaslavsky(0.1482) educator(0.7330) learner(0.4667) lerman(0.5548) encyclopedia(0.7539) heidelberg(0.5810) london(0.9857) ]
psychology(0.3924)),[community(0.8758) mathematics(0.3356) thomas(0.7120) evolutionary(0.5954) borodin(0.7784) general(0.8919) technology(0.9422) instructional(0.8574) neuroscience(0.0890) ],[considered(0.8203) attempting(0.6945) crucial(0.9679) development(0.9755) sweden(0.3870) developing(0.6774) greece(0.8065) resources(0.9657) procedures(0.8500) ]
competency(0.6938)),[sattlberger(0.8400) denote(0.9710) students’(0.8957) entitled(0.9071) involves(0.1748) tackling(0.9102) jasute(0.8875) notion(0.7042) mathcad(0.2960) ],[ireland(0.9734) reform(0.9091) thinking(0.7244) communication(0.3410) kirshner(0.5265) international(0.8925) routledge(0.3425) fullan(0.6393) ]
studies(0.6493)),[educational(0.1864) teaching(0.9129) findings(0.7773) contribution(0.7048) reported(0.9510) national(0.6574) students’(0.9838) prospective(0.9150) empirical(0.2453) ],[different(0.8309) konrad(0.7313) potari(0.7155) nature(0.8984) experience(0.4993) differ(0.7129) practices(0.8238) gravemeijer(0.9058) nieveen(0.5241) ]
competencies(0.5502)),[mathematical(0.3987) synthesis(0.5103) teacher(0.9805) student(0.8805) revisited(0.8057) predictive(0.5966) journal(0.5812) modeling(0.5216) anchored(0.9161) ],[studies(0.7658) different(0.7993) innovative(0.9068) approaches(0.9269) konrad(0.4265) despina(0.6455) introduction(0.9584) research(0.3199) researchers(0.8302) ]
matter(0.7773)),[reliable(0.8970) knowledge(0.8819) subject(0.8795) probabilistic(0.8625) individual(0.6931) domain(0.6837) access(0.3330) wellintended(0.3338) anxiety(0.7980) ],[the(0.6237) calling(0.8026) matics(0.7704) education(0.8647) thematic(0.4050) highlights(0.8392) assessments(0.2430) severely(0.9296) underrepresented(0.2262) ]
modality(0.6188)),[education(0.9213) creates(0.7909) teaches(0.7398) polyteacher(0.3401) children(0.4178) proposed(0.9848) conditions(0.4124) consisted(0.3265) sizechange(0.1698) ],[technology(0.3936) aparecida(0.2628) santana(0.7439) chiari(0.2724) formiga(0.9816) springer(0.1399) sciencebusiness(0.9405) abstract(0.9727) teacher(0.4642) ]
variable(0.7275)),[mathematics(0.6951) manipulation(0.6879) midpoint(0.7291) salient(0.5431) product(0.9167) individuals’(0.9648) equation(0.4918) introduced(0.5319) algebraic(0.2828) ],[krainer(0.9415) chapman(0.7027) zaslavsky(0.8287) teacher(0.8509) educator(0.6263) learner(0.9585) lerman(0.5191) encyclopedia(0.9581) online(0.9957) ]
algebra(0.2643)),[topics(0.3505) focuses(0.7650) dyscalculic(0.8948) algebra(0.7957) linear(0.7127) representa(0.3151) competence(0.9054) secondary(0.5847) education(0.2278) ],[communities(0.5117) addition(0.9390) international(0.6095) centre(0.5338) freiburg(0.4839) consortiumwere(0.5561) network(0.4554) initiatives(0.8449) quality(0.7870) ]
contexts(0.5498)),[differ(0.9330) teaching(0.9658) quality(0.3896) specific(0.6280) example(0.6873) general(0.9880) relevant(0.6027) conceptualize(0.4666) educational(0.4687) ],[implement(0.3988) innovative(0.3178) konrad(0.5448) krainer(0.8286) despina(0.5027) potari(0.9085) nature(0.4717) introduction(0.3465) research(0.7795) ]
grades(0.4757)),[school(0.6844) reported(0.5271) university(0.9702) mathematics(0.5150) justice(0.8077) passing(0.7701) students(0.9143) education(0.5185) teachers(0.6772) ],[the(0.3374) interlinked(0.8154) researchers(0.8169) professional(0.7923) development(0.4250) courses(0.8188) classroom(0.6341) genuine(0.6174) partnerships(0.2644) ]
increase(0.2323)),[fibonacci(0.4351) students(0.8941) point”(0.4449) performance(0.3911) account(0.5925) significance(0.6062) students’(0.7094) anxiety(0.9330) certainty(0.4091) ],[approaches(0.5316) springer(0.3951) introduction(0.5716) reveal(0.0572) promoted(0.4963) differ(0.9658) daytoday(0.4447) practices(0.6153) mckeeney(0.8286) ]
pictorial(0.7897)),[questionnaire(0.5534) appendix(0.5304) called(0.7933) children(0.6078) haptic(0.1873) symbolic(0.3959) moreover(0.8158) concrete(0.6793) houdement(0.9653) ],[relationships(0.1635) performance(0.8472) dowker(0.7376) horton(0.9430) winifred(0.8996) online(0.8994) abstract(0.8314) deteriorate(0.4236) school(0.4423) ]
variables(0.3791)),[relate(0.2324) teachers’(0.7631) elements(0.5464) incorrect(0.4471) computations(0.6010) assigned(0.9576) student(0.9595) values(0.4051) mcclintock(0.4189) ],[zaslavsky(0.7598) educator(0.6090) lerman(0.8140) encyclopedia(0.9627) education(0.4114) heidelberg(0.4025) springer(0.9433) senger(0.9535) nationwide(0.7753) ]
development(0.8381)),[teachers’(0.7614) shared(0.8864) foster(0.4687) courses(0.9701) involving(0.9865) intricate(0.9243) children’s(0.6645) conclusions(0.8900) cooperation(0.1050) ],[implement(0.9953) teaching(0.4456) despina(0.8011) nature(0.8180) reveal(0.8865) researchers(0.4828) differ(0.6501) gravemeijer(0.5104) mckeeney(0.5891) ]
teachers(0.8241)),[practices(0.9421) improving(0.4899) classroom(0.8362) researchers(0.9061) analyzed(0.7869) expertise(0.8802) interpret(0.4262) classrooms(0.6706) andwhat(0.5943) ],[studies(0.5218) innovative(0.9283) approaches(0.8821) konrad(0.6433) krainer(0.2273) nature(0.9785) research(0.9846) boaler(0.6363) burkhardt(0.3478) ]
sampling(0.7370)),[varied(0.8303) primary(0.5252) language(0.6026) method(0.7222) distributions(0.7947) schools(0.6763) patton(0.6415) ],[defined(0.7260) cognitive(0.2879) activities(0.8263) involved(0.3531) quantities(0.1849) relation(0.6733) carlson(0.8158) concept(0.6806) however(0.9879) ]
lesson(0.8356)),[account(0.7457) instrument(0.4281) physical(0.9240) executives(0.9630) education(0.3400) planning(0.6899) sinclair(0.8557) lasted(0.6766) mathematics(0.2889) ],[the(0.9259) interlinked(0.7330) researchers(0.4548) professional(0.4300) support(0.5643) partnerships(0.3329) nutley(0.7642) mutual(0.6891) problems(0.9584) ]
classroom(0.9934)),[improving(0.3393) traditions(0.5512) individuals(0.4704) professionals(0.6444) standing(0.3897) analyzed(0.7630) interpretations(0.0852) cartoonbased(0.7943) assessment(0.1613) ],[studies(0.7575) different(0.8492) innovative(0.6345) konrad(0.3426) introduction(0.8752) research(0.8956) experience(0.8835) researchers(0.6462) differ(0.1921) ]
intervention(0.1624)),[journal(0.7022) teacher(0.6504) imaging(0.4236) subject(0.7099) portrayed(0.3494) preschool(0.7810) college(0.6198) knowledge(0.8921) teachers(0.7370) ],[zaslavsky(0.8936) learner(0.6364) london(0.4643) online(0.6770) project(0.9640) reflections(0.7193) educational(0.5731) ramalingam(0.8157) action(0.5182) ]
knowledge(0.2428)),[researchers(0.7207) transmission(0.8456) teachers’(0.4732) skills(0.9888) repertoire(0.3398) audience(0.6828) transfer(0.6611) students(0.9720) knowledge(0.8870) ],[approaches(0.8961) konrad(0.7718) potari(0.9610) introduction(0.9123) research(0.6185) reveal(0.7233) differ(0.0866) daytoday(0.5707) countries(0.9692) ]
effects(0.7490)),[specific(0.7723) involved(0.9070) practices(0.6663) excluded(0.6450) studies(0.8174) supplemental(0.7944) burton(0.9618) improved(0.8884) variable(0.7137) ],[individuals’(0.7387) points(0.3397) changes(0.5481) outcomes(0.5230) sometimes(0.9828) individuals(0.9577) uniform(0.7230) choose(0.6645) center(0.7845) ]
characteristics(0.0260)),[initiatives(0.9207) students’(0.3939) elements(0.9802) understanding(0.0875) identify(0.6249) physical(0.6171) intuitive(0.5638) considered(0.3385) structure(0.3352) ],[communities(0.3168) addition(0.6606) icseeu(0.6013) founded(0.8302) network(0.4890) consists(0.9194) europe(0.8699) bridge(0.8389) contexts(0.6126) ]
solution(0.4732)),[correct(0.9813) herhis(0.9480) teachers’(0.1602) bplusminus(0.6922) functions(0.4564) writing(0.5199) interviewees(0.8758) invite(0.2396) accessible(0.8644) ],[university(0.7442) grades(0.9847) reported(0.2132) teachers(0.8209) lesson(0.9973) instrument(0.8694) participated(0.8308) school(0.8595) complete(0.8649) ]
scores(0.5944)),[decisions(0.9092) “average”(0.9611) differences(0.3776) distribution(0.8446) kindergartners(0.6803) american(0.3105) interpretation(0.7701) higher(0.8316) suggesting(0.7514) ],[social(0.3682) compensatory(0.9288) constrained(0.4968) twentieth(0.8929) century(0.3317) historical(0.8104) cabral(0.8731) credit(0.9016) determined(0.7926) ]
environments(0.2829)),[learning(0.6775) technology(0.7153) blearning(0.2263) context(0.6462) unpublished(0.9839) coeducational(0.4919) support(0.8495) authors(0.6624) production(0.9905) ],[potential(0.3463) springer(0.7213) hardcover(0.9992) decades(0.7597) release(0.5474) nctm’s(0.7688) standards(0.9779) educators(0.3072) exploring(0.3894) ]
design(0.9794)),[analysis(0.9715) cycles(0.7113) cooperation(0.5284) jointly(0.0284) reformoriented(0.9521) actual(0.6367) journal(0.8678) beliefs(0.9869) expands(0.7307) ],[communities(0.0748) addition(0.1887) international(0.6826) education(0.9727) icseeu(0.7397) freiburg(0.4635) consortiumwere(0.3261) founded(0.5055) consists(0.7730) ]
groups(0.0848)),[ment–dissemination(0.8297) newsletters(0.5275) target(0.8645) researchers(0.6566) general(0.9953) teachers(0.7569) distinction(0.3399) beyond(0.3042) validation(0.9604) ],[different(0.6601) approaches(0.7746) konrad(0.6602) despina(0.8533) potari(0.9635) introduction(0.7073) experience(0.9005) reveal(0.8352) education(0.9471) ]
technology(0.1747)),[mathematical(0.7364) teacher(0.9920) journal(0.9715) touchcounts(0.9511) multitouch(0.9531) benefit(0.8875) mindful(0.9014) question(0.9377) transform(0.4568) ],[practice(0.6169) centre(0.8535) icseeu(0.8103) founded(0.8313) universities(0.8891) characteristics(0.7334) contexts(0.8606) current(0.8954) assessments(0.9084) ]
frequency(0.4594)),[question(0.8943) highest(0.9490) assignments(0.7653) relative(0.8315) higher(0.9222) mulcol(0.9014) finding(0.3535) compare(0.7981) occurrence(0.8709) ],[responses(0.4569) interview(0.8277) mentioned(0.9830) scheme(0.8172) external(0.6711) expert(0.9019) reliability(0.6176) cohen’s(0.5095) coefficient(0.8029) ]
courses(0.8757)),[resources(0.9015) providing(0.2605) development(0.8419) education(0.6263) teaching(0.7554) effect(0.2756) research(0.6095) construed(0.7369) symbols(0.4698) ],[communities(0.9945) addition(0.7178) international(0.7718) icseeu(0.4553) freiburg(0.8219) founded(0.6805) consists(0.2222) bridge(0.7295) initiatives(0.4846) ]
distance(0.4405)),[students(0.9898) arithmetic(0.9184) physics(0.9489) account(0.5025) centralized(0.4881) btheir(0.5358) distance(0.9790) maximum(0.5702) tested(0.8863) ],[critical(0.6624) properties(0.9956) figure(0.4679) representations(0.9664) constrained(0.6735) accurate(0.7482) manipulate(0.8445) bokhove(0.5063) linked(0.3682) ]
material(0.5707)),[communitybased(0.2645) version(0.8060) supplementary(0.8241) studies(0.5853) produced(0.8963) dynamic(0.9523) mathematical(0.8807) dealing(0.8385) nonmaterial(0.8128) ],[interlinked(0.3593) partnerships(0.5534) mutual(0.5286) respect(0.9384) problems(0.7184) conducting(0.5772) methodologically(0.9794) timely(0.6434) achieving(0.8035) ]
strategies(0.2985)),[primary(0.8823) topdown(0.9183) dissemination(0.9560) partnerships(0.7668) contentrelated(0.4449) facilitators(0.6046) offered(0.4877) discuss(0.3825) reduced(0.8737) ],[studies(0.7463) konrad(0.7008) krainer(0.6806) nature(0.1727) introduction(0.8010) research(0.3200) promoted(0.5030) education(0.6995) researchers(0.5895) ]
schools(0.5560)),[district(0.5877) innovation(0.8935) organizations(0.8841) different(0.1435) cooperation(0.7878) regional(0.7976) teacher(0.4631) jackson(0.8969) context(0.8687) ],[innovative(0.3422) konrad(0.5378) despina(0.9785) springer(0.8316) nature(0.7790) promoted(0.7828) differ(0.7749) countries(0.7934) nieveen(0.5660) ]
conception(0.8951)),[functioning(0.9271) erroneous(0.7650) geometry(0.7584) mathematical(0.6934) students’(0.5634) context(0.6171) balacheff’s(0.4598) situated(0.6649) relationships(0.4717) ],[domain(0.5921) illustrated(0.4753) second(0.5768) basically(0.9348) values(0.9689) corresponds(0.6617) reason(0.8688) horizontal(0.8247) relates(0.8944) ]
implementation(0.7817)),[preserving(0.5708) conditions(0.9436) teachers(0.9311) involves(0.4328) papers(0.1804) actual(0.9924) studentcentered(0.8994) understanding(0.6699) educational(0.8072) ],[studies(0.2295) implement(0.5301) approaches(0.8780) konrad(0.9587) krainer(0.7646) despina(0.7019) potari(0.8856) springer(0.8554) introduction(0.2951) ]
conceptions(0.9195)),[evaluation(0.7845) procedural(0.6042) function(0.9745) person(0.8705) called(0.9680) compressed(0.8015) students’(0.7013) reflections(0.6458) teaching(0.8557) ],[“helpful”(0.9568) compensatory(0.8312) original(0.5565) differences(0.7214) single(0.8772) historical(0.5997) thereby(0.1068) credit(0.5576) determined(0.9021) ]
generalisation(0.4342)),[algebraic(0.3953) btheoretical(0.9355) secondary(0.6592) arithmetical(0.7759) adjustments(0.9882) initial(0.7161) direction(0.4181) relational(0.9827) school(0.6669) ],[levels(0.7347) students(0.9360) collis(0.3309) occurrence(0.4142) alizations(0.6681) radford’s(0.5594) general(0.1324) suggests(0.9024) generalization(0.5802) ]
materials(0.2657)),[instructional(0.4131) furthermore(0.8478) classroom(0.3738) teacher(0.6547) screen(0.7832) supplementary(0.5754) phrase(0.5445) tension(0.6211) remillard(0.5485) ],[studies(0.9933) implement(0.1828) konrad(0.7702) krainer(0.8468) introduction(0.8136) promoted(0.9717) education(0.6777) researchers(0.7449) countries(0.8380) ]
activities(0.0050)),[designed(0.5836) creating(0.7281) attending(0.8708) development(0.0692) greece(0.8249) difficulties(0.7420) lesson(0.5638) content(0.7872) zazkis(0.3542) ],[communities(0.7118) centre(0.7702) education(0.7773) freiburg(0.6678) consortiumwere(0.9777) founded(0.4973) network(0.4014) consists(0.5917) bridge(0.5758) ]
pattern(0.5096)),[understanding(0.5875) represents(0.5998) performance(0.3163) relates(0.9728) cultural(0.7688) seeking(0.7712) processes(0.8008) elements(0.6669) sets—in(0.7429) ],[individuals(0.9411) events(0.2193) strickland(0.6889) interpreting(0.6981) students’(0.7631) attending(0.5906) deciding(0.7997) respond(0.7360) jacobs(0.5596) ]
language(0.3802)),[targetoriented(0.8078) channels(0.5345) decision(0.8195) learning(0.9841) immediacy(0.5567) verbal(0.8014) traditional(0.6878) stretches(0.5815) international(0.9981) ],[supporting(0.5754) instructional(0.9738) powell(0.9069) communities(0.7557) characterized(0.2957) mutual(0.1482) engagement(0.7258) knowledge(0.9542) ineffective(0.3865) ]
improvement(0.0760)),[instructional(0.5096) teachers’(0.6950) ensuring(0.8682) researchers(0.6913) groups(0.8342) students(0.1451) average(0.7917) problemsolving(0.8267) symbolism(0.5520) ],[studies(0.3809) innovative(0.9528) approaches(0.7828) krainer(0.4198) springer(0.8424) education(0.6759) differ(0.5744) practices(0.9355) teachers(0.7434) ]
strategy(0.7850)),[communitybased(0.6630) system(0.5402) anguish(0.6423) innovative(0.7494) stimulated(0.8466) erroneous(0.8416) consistent(0.8237) interme(0.4041) doorman(0.7762) ],[organize(0.5412) establish(0.2113) partnerships(0.8254) grounded(0.8626) agreedupon(0.9024) problems(0.6590) practice(0.8921) conducting(0.2277) rigorous(0.8569) ]
communities(0.5153)),[practice(0.6527) schoollevel(0.9764) elearning(0.3844) learning(0.5155) individuals(0.6815) pathway(0.9785) poorer(0.8118) schools(0.2851) bknowing(0.7523) ],[effective(0.6697) instructional(0.4770) sztajn(0.4946) characterized(0.9507) mutual(0.5790) skills(0.6229) evidence(0.7876) classroom(0.8997) student(0.4406) ]
skills(0.6925)),[however(0.7551) process(0.7366) education(0.6888) defined(0.4901) evaluating(0.5715) hazzan(0.5068) investigated(0.8788) talent(0.5208) solving(0.2224) ],[effective(0.5726) powell(0.9883) sztajn(0.9091) communities(0.2111) practice(0.9971) mutual(0.9281) enterprise(0.2107) repertoire(0.7453) strong(0.5839) ]
kindergarten(0.8950)),[children(0.3935) increase(0.5936) crosssectional(0.7585) studies(0.3255) omnipresent(0.9803) merrillpalmer(0.7011) students(0.6499) mechanism(0.6366) lepola(0.8963) ],[total(0.6193) pgitems(0.3132) citems(0.7920) strong(0.8192) positive(0.9470) correlation(0.5880) correlations(0.5446) insufficient(0.8666) abilities(0.7678) ]
orientation(0.3769)),[anticipate(0.7668) mathematics(0.0583) aligned(0.5838) elucidating(0.1996) theory(0.2957) scientific(0.5287) textbook’s(0.6444) educational(0.8293) career(0.3949) ],[studies(0.9067) implement(0.3767) teaching(0.3738) konrad(0.8291) krainer(0.5170) potari(0.3494) springer(0.5032) introduction(0.1883) promoted(0.6352) ]
motivational(0.6603)),[include(0.9306) orientations(0.0399) tations(0.5169) mathematics(0.6383) parental(0.5360) beliefs(0.8168) decline(0.8042) effects(0.9985) learning(0.8019) ],[skills…that(0.4996) readiness(0.8442) capacity(0.5574) utilize(0.9214) solutions(0.9332) accordingly(0.9306) supporting(0.5060) children(0.4619) develop(0.8165) ]
cummins(0.0870)),[interpersonal(0.6973) distinction(0.8234) httpsdoiorgs(0.8403) linguists(0.7735) writes(0.9417) questions(0.8625) schleppegrell(0.9394) language(0.3217) ],[characterise(0.9034) routines(0.1355) mccloskey(0.8084) conclude(0.7066) captured(0.9642) commognitive(0.4929) definition(0.6795) example(0.4170) bformalised(0.7470) ]
participation(0.0750)),[mathematics(0.3989) patterns(0.8331) further(0.7261) informed(0.7283) initial(0.6257) interviews(0.7818) equitable(0.9035) solomon(0.9757) mariotti(0.5563) ],[krainer(0.1155) chapman(0.8310) zaslavsky(0.2934) educator(0.2536) lerman(0.2679) london(0.8597) springer(0.9682) online(0.6188) httplinkspringercomreferencework(0.8927) ]
heydmetzuyanim(0.2501)),[closely(0.7025) disability(0.6140) reflect(0.8034) springer(0.6031) special(0.4531) explorations(0.7624) learning(0.9544) attempt(0.9050) explorative(0.7652) ],[teachers(0.2962) espoused(0.9791) inclusive(0.4572) deficit(0.5512) discourses(0.4869) darragh(0.7326) contradictory(0.9052) inclusion(0.6787) problemsolving(0.8611) ]
lepola(0.3582)),[affective(0.2188) hannula(0.4494) tailed(0.7983) vauras(0.2416) salonen(0.8545) articles(0.8720) ],[skills…that(0.2971) problems(0.8355) include(0.9231) motivational(0.1772) social(0.5225) capacity(0.1675) utilize(0.4601) responsibly(0.7877) variable(0.4695) ]
achievement(0.4997)),[student(0.2296) measure(0.7633) possible(0.5489) levels(0.4001) higher(0.1898) students(0.6607) strategy(0.6872) shrinking(0.9659) mathematics’(0.6686) ],[krainer(0.7684) educator(0.6179) learner(0.4433) lerman(0.5529) encyclopedia(0.2109) dordrecht(0.7508) springer(0.4687) httplinkspringercomreferencework(0.6092) senger(0.8590) ]
ritual(0.6031)),[tensions(0.7246) represent(0.4863) individual(0.8497) aspects(0.6131) mechanisms(0.6268) special(0.4124) explorative(0.6440) possibilities(0.1242) practices(0.6775) ],[fractions(0.6715) gwendolyn(0.5793) courtney(0.5379) springer(0.3336) offers(0.3114) account(0.1054) serves(0.8513) patterns(0.9955) learning(0.6867) ]
routines(0.0971)),[enhancing(0.5508) sentations(0.8109) proposed(0.9213) definitions(0.6131) instructional(0.8247) explorative(0.4995) practices(0.8896) definition(0.7838) previous(0.9561) ],[konrad(0.5155) krainer(0.2799) springer(0.9586) nature(0.8626) research(0.6729) reveal(0.5097) promoted(0.4020) daytoday(0.4021) teachers(0.5666) ]
explorations(0.3324)),[rituals(0.8159) inevitable(0.9811) antecedent(0.7497) defined(0.9117) heydmetzuyanim(0.3447) mcclos(0.8459) inmathematical(0.2526) nachlieli(0.9340) distinctions(0.8508) ],[technologies(0.7695) designing(0.6540) education(0.5619) potential(0.7626) pitfalls(0.7110) switzerland(0.9437) springer(0.5719) hardcover(0.5077) nctm’s(0.4500) ]
practices(0.3924)),[daytoday(0.1279) mathematics(0.9953) instructional(0.9519) classroom(0.8476) policies(0.3341) jackson(0.9568) perspective(0.9062) searching(0.5719) teachers’(0.6462) ],[studies(0.4938) different(0.5263) implement(0.9029) potari(0.9868) nature(0.5635) introduction(0.1901) reveal(0.6931) promoted(0.6826) differ(0.9658) ]
discourse(0.5176)),[ability(0.9694) teachers’(0.1617) notion(0.8042) scientific(0.9401) knowledge(0.6502) discipline(0.7301) reviewed(0.7050) meaning(0.6411) construed—the(0.9505) ],[discourses(0.6026) darragh(0.7167) valoyeschávez(0.4794) springer(0.5693) abstract(0.9414) promise(0.5889) explores(0.8516) discursive(0.8827) production(0.3675) ]
keywords(0.9968)),[understanding(0.8373) summative(0.0340) teachers(0.5312) inverse(0.6800) particular(0.8625) special(0.9598) contrary(0.5968) inclusion(0.8508) modeling(0.8722) ],[secondary(0.9404) teachers’(0.8224) responding(0.6187) gloria(0.9406) ceneida(0.6598) fernández(0.8244) salvador(0.5190) published(0.5109) september(0.9135) ]
nature(0.9391)),[introduction(0.6491) springer(0.5155) beliefs(0.5371) remains(0.1070) abstract(0.1749) skills(0.8972) representations(0.4322) complex(0.5945) capture(0.1849) ],[approaches(0.7178) konrad(0.6890) krainer(0.9196) education(0.2267) differ(0.6604) teachers(0.6203) countries(0.1487) nieveen(0.3342) schoenfeld(0.2886) ]
university(0.6096)),[education(0.9923) maassphfreiburgde(0.9229) vanderbilt(0.2297) grande(0.2396) cabraltaniacbgmailcom(0.4809) greece(0.5357) university(0.7152) stateline(0.3231) islamic(0.9079) ],[educational(0.4808) different(0.7765) konrad(0.8833) krainer(0.7953) potari(0.7782) nature(0.5766) differ(0.9294) daytoday(0.9931) practices(0.6578) ]
understanding(0.0517)),[clarify(0.5413) process(0.7439) teacher(0.6890) education(0.2238) derivative(0.9577) student’s(0.5413) relevant(0.7196) create(0.9501) mathematical(0.9706) ],[educational(0.7443428039550781) different(0.9819) innovative(0.8510) approaches(0.3022) konrad(0.9821) krainer(0.7015) despina(0.8471) potari(0.6657) springer(0.3914) ]
springer(0.2939)),[nature(0.6209) potari(0.6085) thames(0.6998) online(0.1966) september(0.7718) publisher’s(0.7206) buchholtz(0.5492) netherlands(0.6304) dimensions(0.8579) ],[studies(0.2695) different(0.5924) implement(0.4978) experience(0.9919) daytoday(0.3050) teachers(0.9573) mckeeney(0.1930) persistent(0.7867) exists(0.9973) ]
factors(0.8935)),[addition(0.3874) crucial(0.8806) applications(0.8376) influence(0.6193) however(0.8238) involved(0.7598) independent(0.7231) unknown(0.9990) identifying(0.9356) ],[communities(0.7508) practice(0.2919) icseeu(0.7057) founded(0.9984) consists(0.9209) initiatives(0.5850) characteristics(0.8690) teaching(0.6111) quality(0.5424) ]
expression(0.8023)),[kahneman(0.7616) blocked(0.7506) unchanged(0.9938) assume(0.9714) algebraic(0.8459) involved(0.5899) appearing(0.2455) freedom(0.9476) representation(0.7598) ],[theory(0.4725) judgments(0.6410) according(0.5755) overtly(0.8400) anthropomorphic(0.2680) whether(0.7775) endorsed(0.5246) passively(0.9672) problem(0.8951) ]
operations(0.7266)),[chapter(0.2516) addition(0.7709) children(0.8954) algebraic(0.8170) equations(0.3950) semantic(0.9133) arithmetic(0.2531) mathematics(0.3803) questions(0.9074) ],[entitled(0.3908) interactive(0.9930) constraints(0.6661) textbooks(0.8113) focusing(0.4020) exists(0.9487) environ(0.9809) environment(0.7961) purpose(0.8057) ]
sweden(0.5515)),[process(0.9493) development(0.6149) foundation(0.8719) institute(0.3146) curriculum(0.9769) svensk(0.7827) seminar(0.8158) university(0.8665) boulet(0.7515) ],[factor(0.5791) attempting(0.9397) teaching(0.9407) approaches(0.3924) contextual(0.4680) professional(0.8472) developing(0.7778) resources(0.9758) procedures(0.1760) ]
midpoint(0.4536)),[change(0.2508) changes(0.9027) interviewee(0.8361) attention(0.8878) looking(0.3709) answers(0.2348) vertex(0.9556) infinity(0.9794) ],[“tending(0.6844) midpoint”(0.5813) thinking(0.8062) barahmand(0.1675) springer(0.9180) nature(0.6641) effective(0.9411) tendency(0.7136) salient(0.7767) ]
expressions(0.7503)),[analytical(0.4448) “intermediate”(0.6492) language(0.3520) algebraic(0.9620) techniques(0.5537) transform(0.7535) involved(0.3120) representing(0.5500) product(0.8378) ],[university(0.4629) teachers(0.6154) lesson(0.7600) instrument(0.3097) participated(0.5445) answers(0.9717) function(0.5625) questions(0.6695) complete(0.8900) ]
events(0.5264)),[connected(0.6022) classroom(0.9330) noteworthy(0.5326) imagine(0.0823) simple(0.4230) distinguishing(0.9698) difficulty(0.5617) precedes(0.7331) person(0.6325) ],[supporting(0.8321) teachers’(0.2075) improvement(0.7206) practices(0.7044) powell(0.6592) sztajn(0.3599) communities(0.9128) engagement(0.9566) enterprise(0.4924) ]
policy(0.1899)),[emphasizes(0.6268) educational(0.6588) equity(0.8810) turned(0.8401) discourses(0.8438) reproduced(0.8692) demonstrate(0.8887) secher(0.1899) guidelines(0.6461) ],[mathematics(0.9357) different(0.6174) implement(0.5541) despina(0.5898) introduction(0.7889) reveal(0.3512) daytoday(0.9512) countries(0.3772) gravemeijer(0.3949) ]
brackets(0.2973)),[correct(0.4467) english(0.3544) praised(0.6551) abbreviations(0.7058) primary(0.9843) constitute(0.9780) preserve(0.7630) resolve(0.7300) students(0.6854) ],[elements(0.8025) reason(0.7707) berries(0.9030) corresponded(0.9355) probability(0.5923) picking(0.6914) desired(0.8405) divided(0.9511) explained(0.9085) ]
inquiry(0.2886)),[focused(0.4901) mathematically(0.6511) thames(0.3214) curriculum(0.9488) boston(0.3542) psychological(0.9580) reveal(0.4282) towards(0.6028) simple(0.1307) ],[educational(0.7353) studies(0.6879) different(0.9971) teaching(0.6422) konrad(0.6205) krainer(0.9941) despina(0.6729) potari(0.8920) research(0.9744) ]
shapes(0.4375)),[probability(0.4129) geometrical(0.9228) teaching(0.2225) québec(0.1317) technology(0.6366) knowledge(0.1692) divided(0.8897) forming(0.7313) measures(0.6359) ],[number(0.7487) intuitive(0.4386) moresame(0.8504) implies(0.8287) reported(0.5682) incorrect(0.7791) comparing(0.3663) quadrilateral(0.3074) context(0.6239) ]
parallelogram(0.1652)),[diagonals(0.8300) configuration(0.2651) reasoning(0.2837) member(0.8520) explore(0.0993) object(0.4452) angles(0.7695) ],[received(0.5480) hintikka(0.9087) questions(0.8370) strategic(0.2542) sources(0.9964) database(0.7080) stored(0.9858) memory(0.3455) ]
geometry(0.4051)),[environments(0.6351) dynamic(0.4441) euclidean(0.8991) elementary(0.6998) enhancing(0.8610) algebra(0.2493) geogebra’s(0.7543) linking(0.9336) students(0.9083) ],[technologies(0.7279) designing(0.1082) pitfalls(0.6426) switzerland(0.4322) softcover(0.9080) release(0.7992) evaluation(0.9913) standards(0.9808) educators(0.6770) ]
dialogic(0.4029)),[negotiation(0.4043) involves(0.8687) cognitively(0.7941) teaching(0.3941) staarman(0.5957) described(0.8978) through(0.9102) instruction(0.6511) approach(0.8332) ],[report(0.1850) students(0.2706) learning(0.6147) followup(0.8102) interplay(0.9263) institutional(0.9202) backgrounds(0.4213) materials(0.9843) summary(0.5710) ]
definitions(0.8004)),[analytical(0.8931) student(0.6893) perceptually(0.5468) working(0.8573) inaction(0.6013) equivalent(0.9381) operational(0.5368) theorems(0.5382) capture(0.7627) ],[university(0.6342) reported(0.9763) prospective(0.1228) lesson(0.8355) instrument(0.3054) participated(0.4660) written(0.5420) school(0.3547) students’(0.5122) ]
justifications(0.6521)),[answers(0.4366) focusing(0.9889) verbal(0.8956) differences(0.9984) multiplication(0.8153) formal(0.9466) choices(0.9760) actions(0.7999) utterances(0.9887) ],[issues(0.9100) theory(0.6500) according(0.3675) intentional(0.7853) system(0.3482) involved(0.8868) originate(0.8066) deliberate(0.9636) anthropomorphic(0.5387) ]
procedures(0.9638)),[attempts(0.5640) assessment(0.9035) bpractice(0.3500) focused(0.9810) vidakovic(0.9511) methods(0.5074) formulas(0.9775) constitute(0.7967) reflecting(0.1265) ],[educational(0.9716) studies(0.9872) implement(0.6592) innovative(0.4259) konrad(0.6116) krainer(0.3689) potari(0.8460) research(0.8196) experience(0.9255) ]
column(0.6077)),[direction(0.9710) misplaced(0.9057) calculation(0.4405) representation(0.6628) algorithm(0.7209) procedure(0.6577) paperandpencil(0.8788) squares(0.5946) number(0.8186) ],[should(0.5141) continue(0.7496) arithmetical(0.9760) operations(0.6436) vilette(0.4829) sophie(0.8508) scheiblingseve(0.4970) richard(0.6625) nature(0.2111) ]
procedure(0.3521)),[assessment(0.5211) moment(0.7751) considered(0.8996) finding(0.5820) learned(0.6765) investigate(0.9957) barahmand(0.7225) telling(0.7547) posing(0.7569) ],[the(0.8976459503173828) matics(0.5798) thematic(0.6346) summative(0.6884) assessments(0.7436) severely(0.9281) underrepresented(0.8295) articles(0.3837) “summative”(0.7595) ]
version(0.8780)),[httpsdoiorgs(0.7458) figure(0.4702) coding(0.9721) wording(0.4214) anxiety(0.8666) revised(0.6037) german(0.4939) updated(0.8189) lockwood(0.5483) ],[the(0.6068) itself(0.1454) pretend(0.8500) appeared(0.4307) chance(0.8900) credit(0.7582) reliability(0.3722) essential(0.6617) qualities(0.9786) ]
algorithm(0.4425)),[common(0.7604) arithmetical(0.3312) written(0.4098) inclined(0.7185) representation(0.4882) unique(0.6430) addition(0.5829) teaching(0.4047) themselves(0.4709) ],[struck(0.5723) inefficiency(0.8677) working(0.4103) together(0.8933) bstraight(0.9306) arrived(0.5829) correct(0.2224) constructed(0.8682) integers(0.4365) ]
division(0.7593)),[department(0.2874) learning(0.8102) depending(0.9802) multiplication(0.7942) educational(0.2021) problem(0.7662) strategies(0.9184) fractions(0.5596) division(0.7264) ],[chapman(0.6298) educator(0.8168) dordrecht(0.6920) heidelberg(0.7827) london(0.3290) springer(0.1944) online(0.4255) project(0.8884) nationwide(0.9735) ]
product(0.7272)),[discount(0.6339) variable(0.6539) cartesian(0.7827) longer(0.6101) relationship(0.9167) showed(0.7393) associating(0.7885) initial(0.4335) students’(0.4752) ],[theory(0.7011) according(0.7422) overtly(0.4722) expressed(0.9043) system(0.6538) involved(0.4322) deliberate(0.8599) reasoning…(0.7184) anthropomorphic(0.8414) ]
elements(0.1350)),[activity(0.9893) contradictions(0.8518) mathematical(0.9374) concept(0.7200) creating(0.9390) procedural(0.5944) comprising(0.7136) making(0.9334) children(0.5398) ],[combination(0.8550) strategies(0.7078) effective(0.2277) participating(0.3776) students(0.8876) learning(0.8787) followup(0.7388) institutional(0.8298) backgrounds(0.7234) ]
multiplication(0.9222)),[exploitation(0.9350) division(0.7309) structures(0.7679) problems(0.7991) addition(0.6183) involving(0.8219) fraction(0.7257) subtraction(0.6475) representations(0.9350) ],[effective(0.7012) improvement(0.9549) sztajn(0.9293) communities(0.7954) practice(0.2383) mutual(0.2343) engagement(0.7925) enterprise(0.4899) skills(0.7902) ]
berries(0.4058)),[corresponded(0.8921) undesired(0.4584) indicated(0.9547) correctly(0.2125) numbers(0.3273) ],[children(0.2495) administration(0.9620) choose(0.6836) comparison(0.9495) binary(0.2018) instead(0.8815) manipulatives(0.5568) animated(0.7557) ]
approach(0.1298)),[altrichter(0.6221) change(0.6206) students(0.7688) dichotomy(0.2028) ferdinando(0.8621) establishing(0.7634) jankvist(0.8889) procedural(0.7363) instructional(0.7532) ],[innovative(0.8406) approaches(0.5198) konrad(0.8385) krainer(0.9971) despina(0.7823) promoted(0.7523) researchers(0.4400) daytoday(0.9977) boaler(0.7951) ]
probabilities(0.6290)),[annesophie(0.6704) compare(0.4544) understanding(0.4846) whether(0.9324) compared(0.9983) variability(0.9649) inform(0.7605) recommended(0.9521) denison(0.7557) ],[onghena(0.8658) springer(0.2155) nature(0.9734) binary(0.6010) choice(0.2230) probabilistic(0.3121) reasoning(0.5263) educational(0.9196) ]
measurement(0.1934)),[attributes(0.2922) instrument(0.9816) observer(0.7349) landis(0.5823) education(0.6763) council(0.4013) distance(0.9539) finally(0.5336) evaluation(0.9767) ],[rationale(0.9505) congress(0.7538) european(0.3363) research(0.9872) matics(0.8848) working(0.9251) highlights(0.7776) formative(0.6047) assessments(0.8453) ]
situation(0.0764)),[symbol(0.2258) arguments(0.4819) judgment(0.8101) realworld(0.9873) concern(0.2622) procedure(0.5340) assessment(0.6633) yesorno(0.6924) silva’s(0.9552) ],[certificate(0.9616) underrepresented(0.4121) education(0.7105) scarcity(0.5059) uneasiness(0.6856) moment(0.5005) impact(0.5848) grades(0.8852) possibilities(0.4415) ]
equations(0.5850)),[finding(0.6922) summing(0.3812) secondorder(0.1106) students(0.1369) freshmen(0.4844) journal(0.6053) unfamiliar(0.4252) distinctions(0.5705) expressions(0.3191) ],[avoidance(0.9769) decisions(0.7365) marmur(0.7218) august(0.7207) springer(0.1315) prospective(0.7164) school(0.8309) concept(0.3196) theoretical(0.8657) ]
jankvist(0.9946)),[thomas(0.8683) misfeldt(0.6846) respectively(0.2018) influence(0.4750) wolfram(0.6341) bsolve(0.0775) bsomething(0.6503) instrumental(0.9884) guillemette(0.6550) ],[academic(0.7065) admissible(0.3425) acting(0.8019) assessment(0.6322) system(0.4334) splitting(0.9288) moment(0.9673) mainstream(0.4090) mathematics(0.8137) ]
period(0.5111)),[instructional(0.9833) assignments(0.8340) cycles(0.9544) studying(0.9099) systems(0.5425) easily(0.7472) object(0.7108) longer(0.6457) indicates(0.7127) ],[d’souza(0.2989) should(0.4011) selective(0.9707) system(0.3393) promotional(0.9021) assessment(0.6498) instance(0.6835) suurtamm(0.8073) summative(0.3769) ]
katrine(0.7074)),[calculate(0.9692) station(0.8944) another(0.6833) collaborative(0.8592) example(0.6435) mathematical(0.3763) ],[definition(0.5912) ]
reasoning(0.9112)),[fernández(0.3064) proportional(0.5077) studentcentered(0.9609) mathematics(0.7617) students’(0.6580) traced(0.9867) abilities(0.9610) noninvertible(0.7462) discussion(0.2685) ],[phenomena(0.4053) expertise(0.9179) teachers(0.6265) roller(0.7643) started(0.5814) noteworthy(0.8500) expanded(0.9192) sherin(0.8446) splitting(0.7581) ]
aspects(0.0285)),[relevant(0.6093) school(0.8775) considered(0.8435) community(0.4404) concept(0.5283) recall(0.9723) salient(0.9448) highlight(0.9919) thinking(0.6575) ],[different(0.9906) implement(0.9649) approaches(0.7940) konrad(0.3830) despina(0.3512) potari(0.8550) nature(0.9556) introduction(0.9411) research(0.7394) ]
vygotsky(0.0663)),[focuses(0.8700) johnsteiner(0.2591) kluwer(0.8484) journal(0.9344) learning(0.4856) rogoff(0.4443) heller(0.4644) considerable(0.4753) volosinov(0.9040) ],[sekretariat(0.9539) ständigen(0.5579) kulturminister(0.7888) länder(0.8420) bundesrepublik(0.5780) bildungsstandards(0.9684) beschluss(0.4725) germany(0.4961) wwwkmk(0.9657) ]
parameters(0.8758)),[design(0.6230) geiger(0.9709) aspects(0.9217) factor(0.6624) nonacceptable(0.7090) algebraic(0.9430) descriptions(0.9365) mathematics(0.8801) however(0.9517) ],[entitled(0.2327) yerushalmy(0.9796) focusing(0.8653) environ(0.2980) varying(0.6735) potential(0.9524) designing(0.9249) touchcounts(0.5581) counting(0.8971) ]
inclusion(0.1845)),[exclusion(0.2549) democratic(0.6411) diversity(0.5097) cabral(0.7924) unknown(0.9524) practices(0.8109) access(0.1677) change(0.8156) curriculum(0.8497) ],[mistake(0.9399) changing(0.5254) grading(0.3711) lowering(0.3659) minimum(0.9474) standards(0.3650) problem(0.7636) couple(0.8405) persist(0.9529) ]
diversity(0.2474)),[inclusion(0.6635) average(0.6908) amounts(0.4146) acknowledging(0.5341) education(0.7247) relation(0.4294) valuing(0.5774) gender(0.8965) mathematics(0.9061) ],[professional(0.9642) development(0.7626) teachers(0.4956) classroom(0.6750) genuine(0.4944) partnerships(0.4907) practitioners(0.7225) nutley(0.6924) agreedupon(0.6334) ]
sensesf(0.2946)),[create(0.6067) diverse(0.8780) contextualized(0.9740) ],[individuals(0.7755) meaning(0.4249) although(0.9825) theoretical(0.8175) ]
history(0.9629)),[education(0.8754) numerical(0.7302) didactics(0.7438) inclusion(0.5413) grahammatheson(0.7110) neighbouring(0.8702) theorem(0.4603) cognition(0.9664) principal(0.8580) ],[phenomena(0.3165) expertise(0.7302) teachers(0.9524) professionals(0.7494) individuals(0.2555) roller(0.5203) strickland(0.5160) expanded(0.6851) adding(0.6592) ]
equity(0.4955)),[education(0.3438) mathematics(0.9887) policy(0.6614) discourses(0.9934) lambert(0.0889) achieve(0.8926) valuing(0.6506) sociopolitical(0.8246) journal(0.5739) ],[wellknown(0.6030) lesson(0.9066) emission(0.4073) diesel(0.1696) engines(0.7798) variation(0.8375) achievementforall(0.7546) anguish(0.3742) socalled(0.8442) ]
relation(0.6501)),[learning(0.9734) problems(0.9282) problem(0.6058) elements(0.4126) service(0.3454) higher(0.3129) equations(0.8652) function(0.9422) understanding(0.9946) ],[konrad(0.7914) krainer(0.9181) despina(0.6424) nature(0.9441) promoted(0.2748) education(0.1964) differ(0.9582) teachers(0.4209) countries(0.8965) ]
triangles(0.5930)),[quadrilaterals(0.4004) intuitive(0.7542) students(0.7652) constructed(0.3975) together(0.8657) square(0.0383) rightangled(0.4236) circle(0.6170) approach(0.4399) ],[rationality(0.8141) debate(0.6799) educational(0.6811) studies(0.6488) analytical(0.8391) perspectives(0.9650) number(0.7973) knowledge(0.7942) develop(0.1394) ]
discursive(0.6084)),[explores(0.8129) similarities(0.9009) practices(0.8525) consid(0.8649) setting(0.3460) tremain(0.7679) reiterate(0.4356) theory(0.9978) prevalent(0.9963) ],[mathematics(0.9107) student(0.1019) special(0.9617) educational(0.8849) context(0.2700) reform(0.7366) darragh(0.5016) valoyeschávez(0.1414) springer(0.7042) ]
angles(0.9202)),[quadrilateral(0.5393) comparing(0.4906) involved(0.6875) statements(0.6806) degree(0.1168) degrees(0.4781) polygon(0.5069) interior(0.6269) polygons(0.7076) ],[implies(0.7107) reported(0.6712) students’(0.9572) argument(0.7235) zazkis(0.6287) discussed(0.6033) individuals’(0.9757) context(0.9780) theory(0.1914) ]
question(0.0618)),[growing(0.5810) curricula(0.9295) concept(0.9353) technology(0.4851) bullock(0.3907) revisited(0.9275) function(0.5610) address(0.4061) answer(0.7154) ],[communities(0.4671) practice(0.7502) addition(0.9581) international(0.7679) education(0.8932) freiburg(0.9934) consortiumwere(0.3146) network(0.9993) consists(0.7094) ]
examples(0.8582)),[technology(0.6943) success(0.9813) actions(0.9479) specific(0.5824) stimulate(0.7071) interesting(0.5436) numbers(0.5318) numerical(0.9989) questions(0.4546) ],[the(0.3282) development(0.7094) support(0.8969) classroom(0.6535) genuine(0.9349) partnerships(0.6010) grounded(0.8264) participating(0.9662) achieving(0.7147) ]
difficulties(0.0020)),[graphical(0.9434) recognizing(0.9776) activities(0.7514) facing(0.5117) registering(0.9534) students(0.4506) alternating(0.8535) inverse(0.1978) imagined(0.2381) ],[implies(0.5133) phenomena(0.7616) individuals(0.3417) andwere(0.9380) noteworthy(0.9798) events(0.5864) strickland(0.8996) expanded(0.4083) adding(0.6459) ]
conflict(0.4561)),[credit(0.6753) confront(0.5327) findings(0.5141) algebraic(0.5835) intuitive(0.4507) reasoning(0.6292) declare(0.9272) literature(0.4874) smaller(0.3821) ],[pretend(0.8925) chance(0.8752) earnestly(0.7647) considered(0.4284) precision(0.1290) qualities(0.7861) function(0.9901) bestowingdenying(0.4142) raising(0.9111) ]
textbook(0.6254)),[industry(0.1479) multiplication(0.6385) district’s(0.6968) instruction(0.4329) solving(0.7675) instructed(0.9533) materials(0.4836916923522949) teachers(0.1941) journal(0.5176) ],[modeling(0.2982) germany(0.7519) comparison(0.3431) students’(0.8031) corinna(0.7721) hankeln(0.8564) closer(0.9878) problem(0.9972) blockages(0.6440) ]
reader(0.2927)),[complex(0.9903) follows(0.5151) vicente(0.7619) routledge(0.7831) pleasant(0.5881) ofmathematicswewish(0.9380) theory(0.8267) analysis(0.8562) transparent(0.1234) ],[intervention(0.3832) teacher(0.6929) students(0.6408) discussion(0.9557) classrooms(0.8485) versions(0.4712) symmetry(0.6028) highlighted(0.4848) results(0.5514) ]
science(0.9628)),[engineering(0.5129) cabral(0.6478) journal(0.5771) reform(0.8138) exploratory(0.8419) coteaching(0.2254) skills(0.3037) mathematical(0.8138) demanded(0.8691) ],[educational(0.7937) different(0.6468) implement(0.9308) konrad(0.5401) krainer(0.4744) potari(0.9861) introduction(0.3081) experience(0.9403) promoted(0.1303) ]
styles(0.0551)),[blockage(0.2721) learners’(0.9501) number(0.4158) learning(0.8659) different(0.9040) reading(0.9166) original(0.7758) categorisation(0.7440) approach(0.1432) ],[theory(0.9465) explained(0.9570) students(0.9085) advantages(0.7463) realworld(0.3008) situation(0.4456) general(0.7023) secondary(0.8389) becomes(0.9103) ]
curriculum(0.3788)),[teacher(0.6626) statewise(0.4460) national(0.7685) materials(0.8862) greece(0.8815) organiza(0.7869) produce(0.8928) practices(0.8855) itself(0.9804) ],[studies(0.8752) implement(0.8573) teaching(0.8381) approaches(0.4568) krainer(0.9525) potari(0.8161) springer(0.8849) nature(0.4260) introduction(0.9852) ]
analysis(0.0883)),[concern(0.6521) emphasizes(0.6204) required(0.8116) design(0.2824) insights(0.5600) determine(0.7587) mischo(0.3376) policy(0.9447) constant(0.3474) ],[studies(0.8008) different(0.5814) implement(0.4634) approaches(0.9249) krainer(0.9525) potari(0.3981) introduction(0.5518) promoted(0.8921) differ(0.2175) ]
connections(0.9230)),[professional(0.5764) underlines(0.6403) making(0.2387) clarify(0.9517) possessing(0.6438) specifically(0.4383) concepts(0.5528) shortcuts(0.6430) relationships(0.6730) ],[function(0.5119) correctly(0.3741) demonstrated(0.4561) concept(0.8844) geometric(0.8592) approximation(0.3770) understands(0.8835) analytic(0.4805) interview(0.5135) ]
chapter(0.4520)),[design(0.7973) stating(0.7380843162536621) focuses(0.9759) international(0.5554) explorations(0.6273) taylor(0.6777) series(0.7838) exercises(0.4245) prescribed(0.5352) ],[review(0.0364) digital(0.4399) potential(0.8895) switzerland(0.9717) springer(0.7187) softcover(0.9812) release(0.8318) nctm’s(0.9538) curriculum(0.4088) ]
speaking(0.8895)),[validity(0.9690) informally(0.3764) student’s(0.1490) descriptive(0.3838) surroundings(0.8102) bwithout(0.9024) listening(0.1218) proofs(0.9989) institutions(0.4319) ],[mathematical(0.6689) reform(0.7143) netherlands(0.6814) drijvers(0.2443) michiel(0.8138) authors(0.4657) abstract(0.6144) implementation(0.5882) reflected(0.9200) ]
classrooms(0.2778)),[countries(0.8203) mathematics(0.4487) approaches(0.9546) secondary(0.8178) currently(0.6918) students(0.9946) teachers(0.3088) physical(0.8563) discussion(0.7992) ],[konrad(0.8688) krainer(0.9152) potari(0.2428) springer(0.5194) introduction(0.7670) reveal(0.8803) education(0.8876) researchers(0.5635) mckeeney(0.1884) ]
philosophy(0.3410)),[studies(0.8387) science(0.5361) psychology(0.8978) history(0.4420) technics(0.2387) learning(0.8979) experiments(0.9018) mastering(0.4273) silences(0.9123) ],[rituals(0.5681) commentary(0.3103) httpsdoiorgs(0.3374) barnes(0.9924) english(0.9234) university(0.7421) ritualisation(0.8649) cummins(0.6739) cognitiveacademic(0.7681) ]
interviews(0.6790)),[instrument(0.8578) designers(0.9629) bokhove(0.6801) digital(0.7466) bokhove’s(0.6573) teaching(0.5838) participation(0.9181) appreciation(0.1490) period(0.4582) ],[schack(0.9038) interpreting(0.9642) strong(0.7777) connection(0.3776) knowledge(0.5633) future(0.9542) answers(0.4805) respond(0.8036) philipp(0.5622) ]
resources(0.1606)),[assessment(0.1369) instructional(0.4400) resources(0.6308) course(0.2423) digital(0.2130) dissemination(0.6675) maria’s(0.3646) knowledge(0.9603) learning(0.7460) ],[international(0.3659) icseeu(0.8688) freiburg(0.3515) consortiumwere(0.5490) founded(0.8064) network(0.7533) universities(0.7515) europe(0.8879) quality(0.8585) ]
attention(0.5895)),[practices(0.1703) colleagues(0.7565) issues(0.8052) volume(0.8730) revise(0.7397) deserving(0.9800) existence(0.9521) midpoint(0.8059) midpoints(0.8602) ],[studies(0.5587) innovative(0.8077) teaching(0.9017) krainer(0.8644) despina(0.5674) potari(0.9702) reveal(0.6979) promoted(0.9066) education(0.7807) ]
control(0.7319)),[victory(0.7865) information(0.8400) creating(0.6383) regulate(0.7550) experimental(0.4432) pretestposttest(0.6844) classes(0.7106) students(0.8888) classroom(0.3446) ],[report(0.8887) community(0.5514) aspects(0.3028) backgrounds(0.8178) materials(0.8834) papers(0.3929) category(0.8888) framework(0.3622) resources(0.6080) ]
selfefficacy(0.8810)),[wholeclass(0.5910) krawitz(0.2722) modelling(0.9511) difficult(0.9497) performance(0.4967) relation(0.8418) holding(0.8555) mediators(0.9550) interest(0.6421) ],[chile(0.3958) retrieved(0.7250) httpsespecialmineducclwpcontentuploadssitesdto(0.2750) mineduc(0.4507) httpwwwcurriculumenlineamineducclarticles(0.0310) programapdf(0.3676) o’connor(0.2088) fernandez(0.5703) reevaluating(0.9982) ]
numeracy(0.3486)),[zapatera(0.9924) journal(0.2182) inclusive(0.7887) educational(0.5380) struggle(0.6253) torbeyns(0.5953) learning(0.4446) walking(0.7405) mistake(0.1092) ],[expertise(0.9588) teachers(0.6817) professionals(0.1696) classroom(0.9367) roller(0.8537) andwere(0.4187) identifying(0.7445) strickland(0.6975) expanded(0.8804) ]
commons(0.0650)),[attribution(0.4643) ],[the(0.2101) ]
addition(0.7850)),[relevant(0.8144) krainer(0.4694) jackson(0.9598) studies(0.5766) operations(0.3346) children(0.7232) strategy(0.0753) furthermore(0.3672) shared(0.7857) ],[different(0.3837) implement(0.9107) innovative(0.8144) konrad(0.4190) despina(0.3423) springer(0.8326) introduction(0.7964) research(0.1917) experience(0.6782) ]
formats(0.5875)),[workshops(0.5872) different(0.4569) assessment(0.8155) differ(0.6986) developed(0.8556) language(0.4604) alternate(0.7581) impact(0.5684) concludes(0.4335) ],[researchers(0.8344) organize(0.6165) courses(0.1906) teachers(0.8266) practices(0.7898) establish(0.8380) practitioners(0.5508) grounded(0.5801) mutual(0.7782) ]
languages(0.8641)),[scandinavian(0.9574) stretches(0.3631) speaker(0.3695) intercultural(0.4463) pillay(0.4926) mathematics(0.9294) concepts(0.8293) situations–problems(0.9483) support(0.9960) ],[issues(0.3214) nilholm(0.5183) context(0.9700) notion(0.9309) inclusive(0.8951) education(0.8376) armstrong(0.8729) teaching(0.8836) sheehy(0.1786) ]
shifts(0.6238)),[teaching(0.9611) oppositions(0.4828) mathematical(0.6977) occurred(0.8839) decisions(0.4656) attention(0.6192) produce(0.1789) performance(0.2751) metalevel(0.7371) ],[digital(0.3311) technologies(0.7493) mathematics(0.7628) pitfalls(0.3434) switzerland(0.6783) springer(0.6441) kathryn(0.7413) decades(0.8501) nctm’s(0.8666) ]
properties(0.5093)),[algebraic(0.5625) mathematical(0.5155) figure(0.3747) critical(0.7134) automatic(0.7582) satisfied(0.5710) comparing(0.9150) relations(0.9648) objects(0.9639) ],[design(0.9521) entitled(0.2074) bengagement(0.0833) interactive(0.7626) played(0.7166) exists(0.7742) specialized(0.6352) potential(0.9059) beverybody(0.3523) ]
lessons(0.3115)),[policy(0.7331) experience(0.9039) managed(0.7779) allowed(0.3917) analysis(0.3750) learning(0.6491) mathematics(0.4028) difficult(0.9457) teachers(0.7625) ],[chapman(0.7177) learner(0.9427) education(0.5376) heidelberg(0.4193) london(0.9440) online(0.4166) httplinkspringercomreferencework(0.7496) senger(0.6803) reflections(0.8349) ]
learners(0.4607)),[inquiry(0.7851) conversation(0.7758) designers(0.1910) spectrum(0.8920) designed(0.4580) mistakenly(0.9516) inversefunction(0.5463) asserting(0.9569) literature(0.6568) ],[studies(0.7630) implement(0.3513) innovative(0.4910) konrad(0.8233) krainer(0.3990) despina(0.6932) springer(0.5336) introduction(0.3668) daytoday(0.5670) ]
culture(0.2024)),[mathematical(0.8830) realworld(0.3288) classroom(0.1919) inheritors(0.3047) qualifications(0.8754) substantial(0.4412) comparison(0.8091) living(0.5941) gender(0.8534) ],[inclusion(0.4199) overall(0.3368) perspective(0.7356) discourses(0.5344) presented(0.7527) ascribed(0.6886) sixteen(0.6581) studies(0.1017) issues(0.9833) ]
solutions(0.8392)),[grigutsch(0.7433) answers(0.7629) include(0.8280) current(0.9852) viewing(0.7158) produce(0.9807) number(0.5110) privilege(0.8109) particular(0.7157) ],[studies(0.1328) mathematics(0.4544) implement(0.5879) innovative(0.5059) approaches(0.6731) konrad(0.9419) potari(0.9621) introduction(0.2545) research(0.7676) ]
instruction(0.5747)),[country(0.1886) typical(0.3450) quality(0.7117) classroom(0.8650) conceptu(0.7663) mathematics(0.8907) reflecting(0.8689) casebook(0.4690) fosters(0.8538) ],[educational(0.9169) innovative(0.2945) approaches(0.3436) konrad(0.6083) krainer(0.3901) nature(0.4416) introduction(0.9462) experience(0.7319) reveal(0.5356) ]
tensions(0.7191)),[acknowledge(0.7217) teaching(0.9022) ritual(0.9036) formalized—participants(0.7288) recall(0.4647) justifications(0.8894) interesting(0.9235) multiple(0.8390) characterised(0.7038) ],[experimental(0.5505) report(0.9512) students(0.8487) learning(0.6414) control(0.5958) interplay(0.7442) community(0.8699) institutional(0.9100) backgrounds(0.9533) ]
discussion(0.0078)),[innovation(0.5471) sánchezmatamoros(0.6716) facilitator(0.4687) techno(0.2387) reflection(0.5372) classrooms(0.9072) presents(0.7308) promotional(0.2293) consequences(0.3935) ],[mathematics(0.6132) different(0.9781) potari(0.9182) springer(0.7384) experience(0.9939) promoted(0.8224) teachers(0.6680) gravemeijer(0.2258) mckeeney(0.8286) ]
interview(0.6085)),[school(0.4944) student(0.8873) demonstrated(0.8103) explanation(0.4036) questions(0.2048) subsequent(0.8336) reanalyse(0.3978) labels(0.7437) formal(0.9479) ],[grades(0.6920) reported(0.6815) solved(0.5882) prospective(0.3275) consisted(0.5353) problems(0.6594) function(0.5560) complete(0.9107) indicating(0.9472) ]
nursery(0.3526)),[individuals(0.7129) methodology(0.7397) accurately(0.4674) ],[worthington(0.4519) online(0.7572) ]
abstraction(0.6680)),[optimization(0.5278) thinking(0.1964) scarce(0.9298) considered(0.4308) result(0.7692) mathematical(0.7706) opposing(0.8691) contextualizing(0.8893) coming(0.8305) ],[curriculum(0.7386) drijvers(0.3456) michiel(0.8103) assessment(0.9000) crucial(0.1985) implementation(0.3026) reflected(0.9610) concerns(0.4962) students(0.9462) ]
content(0.9744)),[curriculum(0.7808) germany(0.0978) eventually(0.9266) regard(0.9766) function(0.5338) expected(0.7249) mathematics(0.9670) evaluation(0.7455) activities(0.5009) ],[implement(0.7051) innovative(0.7465) despina(0.4497) springer(0.4328) introduction(0.8255) reveal(0.7991) promoted(0.8286) countries(0.7273) gravemeijer(0.1950) ]
identities(0.5848)),[positionality(0.8321) mention(0.6887) mathematical(0.7423) growing(0.4922) participants’(0.8927) drawings(0.9152) competence(0.7842) binomial(0.8532) difficult(0.1494) ],[historical(0.9794) establishes(0.3574) discourses(0.6355) function(0.8152) example(0.5556) educational(0.3791) policies(0.7979) disability(0.9101) disabilities(0.7396) ]
modeling(0.9370)),[formalization(0.8991) applications(0.4881) dooley(0.8769) netherlands(0.7843) thinking(0.9023) element(0.6952) adapted(0.7780) problemsolving(0.9846) assignment(0.1126) ],[educational(0.8647) implement(0.6697) innovative(0.9807) despina(0.8768) nature(0.5291) research(0.8338) experience(0.7189) reveal(0.6149) promoted(0.7111) ]
identity(0.8807)),[function(0.9478) composition(0.8245) napier(0.5876) immigrant(0.4325) takeuchi(0.5769) construct(0.9747) identity(0.9180) comprise(0.4762) positioning(0.5672) ],[communities(0.1430) addition(0.8580) centre(0.2102) freiburg(0.7016) consortiumwere(0.5758) founded(0.9732) consists(0.9814) teaching(0.5419) specific(0.6812) ]
germany(0.0948)),[freiburg(0.6404) waxmann(0.4552) france(0.9648) modeling(0.8684) national(0.9009) kaiser(0.6035) educational(0.3041) especially(0.7388) franzbecker(0.7001) ],[studies(0.8527) different(0.4756) innovative(0.2946) konrad(0.3992) krainer(0.5790) nature(0.8624) experience(0.8231) promoted(0.6432) researchers(0.5947) ]
france(0.1049)),[institut(0.2525) liv–lxxx(0.7884) general(0.6031) forbidden(0.7591) baldino(0.5930) universitaires(0.5263) publishing(0.7461) solving(0.4711) comparison(0.9775) ],[zaslavsky(0.6814) mathematics(0.2920) teacher(0.3243) educator(0.3795) lerman(0.7233) encyclopedia(0.8757) dordrecht(0.9308) heidelberg(0.4974) online(0.6442) ]
applications(0.0691)),[online(0.6298) numerous(0.9483) journal(0.7052) hazzan(0.7279) mathematics(0.1585) modelling(0.3971) integration(0.5534) completely(0.7467) practical(0.6944) ],[different(0.4353) implement(0.7506) konrad(0.4463) krainer(0.7450) potari(0.5128) springer(0.7888) introduction(0.8972) promoted(0.9675) education(0.8383) ]
dimensions(0.7704)),[mathematics(0.3180) httpsdoiorg(0.9899) considered(0.9704) postulated(0.3514) theory(0.3306) treffers(0.8897) cognitive(0.9115) oxford(0.9766) mathematical(0.1278) ],[factor(0.8819) factors(0.3108) crucial(0.7666) professional(0.7223) development(0.9440) sweden(0.9165) process(0.8912) developing(0.2501) curriculum(0.2854) ]
perimeter(0.5300)),[shapes(0.1352) larger(0.4580) football(0.6855) unknowns(0.3330) systems(0.9472) calculation(0.8564) circle(0.9628) mathematics(0.1012) infinite(0.8996) ],[concepts(0.4775) intuitive(0.8474) implies(0.7473) example(0.7963) reported(0.7252) students’(0.7854) argument(0.6408) angles(0.3614) angles”(0.7121) ]
interaction(0.8491)),[activity(0.5165) object(0.6566) levels(0.3760) discussion(0.1280) digital(0.1901) fictional(0.9846) effects(0.6122) synthetic(0.8963) knowledge(0.7685) ],[strategies(0.6842) participating(0.8941) higher(0.5124) control(0.5179) followup(0.9643) insights(0.7139) interplay(0.2444) institutional(0.9090) papers(0.7654) ]
spaces(0.1261)),[public(0.6958) significations(0.8951) contested(0.6779) functions(0.7858) vector(0.8670) measure(0.7325) communication(0.2629) moments(0.6715) breappearance(0.8293) ],[lucia’s(0.9932) comments(0.9892) centre(0.2282) defining(0.3913) students(0.4813) presumably(0.5288) programmes(0.5410) examples(0.8371) bpathologies(0.8007) ]
infinity(0.3034)),[students’(0.3314) convergence(0.8099) arithmetic(0.6785) particularly(0.8639) difficulties(0.2068) question(0.3456) iterations(0.5060) iteration(0.6612) perimeter(0.5965) ],[situation(0.6649) spectrum(0.9587) changes(0.9692) midpoint(0.9261) attractive(0.7178) outcomes(0.9822) tendency(0.9850) scientific(0.7215) individuals(0.8798) ]
explanation(0.3844)),[consistent(0.1806) findings(0.6458) additional(0.8559) mentioned(0.6289) validity(0.7949) mathematics(0.8774) worked(0.7363) heterogeneity(0.3243) results(0.5058) ],[derivative(0.7166) however(0.6495) meaning(0.8190) understands(0.9319) definition(0.5674) aspect(0.8156) relationship(0.9757) average(0.3966) change(0.3315) ]
reform(0.5792)),[effort(0.5732) harvard(0.7307) netherlands(0.7943) appendix(0.7522) quantitative(0.5268) papers(0.7811) mathematics(0.2936) context(0.8699) extent(0.4738) ],[different(0.7175) implement(0.9351) innovative(0.9973) despina(0.9312) research(0.8453) experience(0.7278) researchers(0.6644) daytoday(0.9313) practices(0.8667) ]
assignments(0.7408)),[question(0.8871) guidance(0.8106) designs(0.3605) tested(0.7286) papers(0.9865) insight(0.4406) exemplary(0.3608) higher(0.8026) thoughtprovoking(0.6988) ],[report(0.8104) effective(0.8543) participating(0.5235) learning(0.9874) insights(0.6341) interplay(0.9389) summary(0.8872) category(0.6197) resources(0.5063) ]
generalizations(0.6115)),[agreed(0.7022) midpoints(0.8530) previous(0.6480) distinguish(0.5602) correspond(0.4408) symbolic(0.5574) perspective(0.9564) students(0.9205) factual(0.4955) ],[interviews(0.7866) school(0.8697) taught(0.3502) concluded(0.2156) teaching(0.5898) algorithms”(0.5958) algorithm(0.0901) normal(0.7188) compared(0.8609) ]
generalization(0.0704)),[pattern(0.6396) journal(0.6972) abstrac(0.7502) experience(0.2519) openended(0.8909106254577637) notion(0.7946) appreciation(0.4672) unvaried(0.9018) examples(0.8884) ],[classroom(0.6014) individuals(0.7649) started(0.9253) identifying(0.5691) noteworthy(0.6122) events(0.2495) strickland(0.9864) adding(0.9825) splitting(0.9709) ]
examination(0.5579)),[reflected(0.7583) linguistic(0.9998) detailed(0.8701) decides(0.4734) year’s(0.6812) concerns(0.8639) program(0.6373) leaving(0.5352) critical(0.9695) ],[experimental(0.8841) combination(0.9461) strategies(0.5650) effective(0.9631) participating(0.8036) students(0.5671) higher(0.9368) control(0.8370) followup(0.6004) ]
papers(0.9597)),[development(0.4835) evidence(0.6094) summary(0.3670) educators’(0.9466) examination(0.6651) construction(0.3390) assignments(0.6471) reveals(0.6435) regular(0.6892) ],[the(0.7990) interlinked(0.7778) researchers(0.6520) organize(0.8016) professional(0.5134) support(0.7934) improving(0.5387) classroom(0.8707) practitioners(0.8795) ]
levels(0.3711)),[professional(0.8423) school(0.4422) district(0.6022) krainer(0.8793) km(0.9133) interaction(0.7458) individuals(0.7133) inconsistency(0.5119) answers(0.7570) ],[studies(0.4090) implement(0.9379) teaching(0.8477) potari(0.5337) springer(0.5043) nature(0.1225) introduction(0.8791) research(0.8176) experience(0.4847) ]
interpretation(0.9000)),[students’(0.7446) actions(0.9253) process(0.7076) teachers’(0.5444) decisionmaking(0.9037) perception(0.4090) scriptwriter’s(0.4451) knowledge(0.9489) scores(0.9908) ],[expertise(0.2269) teachers(0.8164) classroom(0.6595) individuals(0.5002) started(0.8418) andwere(0.6575) noteworthy(0.3004) expanded(0.4549) identified(0.4451) ]
schindler(0.0813)),[geometry(0.4370) angles(0.6203) discussion(0.9485) ],[interpretation(0.6914) tracking(0.5294) ]
recall(0.7637)),[wilson(0.4781) stylianides’(0.9962) respect(0.5899) v